<?xml version="1.0" encoding="UTF-8" standalone="yes" ?>
<addon id="plugin.video.gameofthrones"
       name="权力的游戏"
       version="1.0.0"
       provider-name="chao">
    <requires>

    </requires>
    <extension
        point="xmbc.python.pluginsource"
        library="addon.py">
        <provides>video</provides>
    </extension>
    <extension point="xmbc.addon.metadata">
        <summary lang="en">Game of Thrones</summary>
        <summary lang="zh">权力的游戏</summary>
        <description lang="en">Game of Thrones from Tencent Video</description>
        <description lang="zh">权力的游戏 - 腾讯视频</description>
        <platform>all</platform>
    </extension>
</addon>